Workbook

Sheet Fato_Precos
A1: Fato_Precos — Monitoramento de Preços (Histórico Diário)
A2: Período: 28/09/2025 a 25/06/2026 | 6468 registros | Fonte: dataset_silver_historico
A4: SK_ID | B4: Data_Referencia | C4: Data_Extracao | D4: Site | E4: Categoria | F4: Marca | G4: Termo_Buscado | H4: Titulo_Anuncio | I4: Preco | J4: Link
A5: b89470c5e2f7bf22f5d398cbab8be647 | B5: 46198 | C5: 46198.198 | D5: Amazon | E5: cerveja | F5: Heineken | G5: Cerveja Heineken Lata 350ml | H5: Cerveja Heineken Lata Sleek 350ml - Amazon | I5: 4.32 | J5: https://www.amazon.com.br/produto/cerveja-heineken-lata-sleek-350ml-5363
A6: ad6dd9a89a016d7d178284614f4da5fc | B6: 46198 | C6: 46198.198 | D6: Amazon | E6: whisky | F6: Johnnie Walker | G6: Whisky Johnnie Walker Red Label 1L | H6: Whisky Escocês Johnnie Walker Red Label 1L - Amazon | I6: 99.9 | J6: https://www.amazon.com.br/produto/whisky-escocês-johnnie-walker-red-label-1l-3458
A7: bdc9f5c0bee3da41170862ef61df3fb4 | B7: 46198 | C7: 46198.198 | D7: Amazon | E7: energetico | F7: Red Bull | G7: Energetico Red Bull Energy Drink Lata 250ml | H7: Energético Red Bull Energy Drink 250ml - Amazon | I7: 9.13 | J7: https://www.amazon.com.br/produto/energético-red-bull-energy-drink-250ml-9190
A8: dfd50493687b1b09451ce6866c8584df | B8: 46198 | C8: 46198.198 | D8: Amazon | E8: refrigerante | F8: Coca-Cola | G8: Refrigerante Coca-Cola Pet 2L | H8: Refrigerante Coca-Cola Original Pet 2L - Amazon | I8: 10.64 | J8: https://www.amazon.com.br/produto/refrigerante-coca-cola-original-pet-2l-1142
A9: d8654857693054f2132fdae6ba6520a7 | B9: 46198 | C9: 46198.198 | D9: Atacadao | E9: cerveja | F9: Heineken | G9: Cerveja Heineken Lata 350ml | H9: Cerveja Heineken Lata Sleek 350ml - Atacadao | I9: 5.65 | J9: https://www.atacadao.com.br/produto/cerveja-heineken-lata-sleek-350ml-9102
A10: 0cb1b96096e1481394327f30ad369d43 | B10: 46198 | C10: 46198.198 | D10: Atacadao | E10: cerveja | F10: Spaten | G10: Cerveja Spaten Lata 350ml | H10: Cerveja Puro Malte Spaten Lata 350ml - Atacadao | I10: 5 | J10: https://www.atacadao.com.br/produto/cerveja-puro-malte-spaten-lata-350ml-6365
A11: fa104daec2e58468c7353254d089305d | B11: 46198 | C11: 46198.198 | D11: Atacadao | E11: energetico | F11: Red Bull | G11: Energetico Red Bull Energy Drink Lata 250ml | H11: Energético Red Bull Energy Drink 250ml - Atacadao | I11: 6.43 | J11: https://www.atacadao.com.br/produto/energético-red-bull-energy-drink-250ml-4992
A12: 0429d6efeef241e4ef92df772cbdb15c | B12: 46198 | C12: 46198.198 | D12: Atacadao | E12: refrigerante | F12: Coca-Cola | G12: Refrigerante Coca-Cola Pet 2L | H12: Refrigerante Coca-Cola Original Pet 2L - Atacadao | I12: 11.59 | J12: https://www.atacadao.com.br/produto/refrigerante-coca-cola-original-pet-2l-8541
A13: f62017d0e21a1e2ae5afec92d7d0e055 | B13: 46198 | C13: 46198.198 | D13: PaoDeAcucar | E13: cerveja | F13: Heineken | G13: Cerveja Heineken Lata 350ml | H13: Cerveja Heineken Lata Sleek 350ml - PaoDeAcucar | I13: 6.06 | J13: https://www.paodeacucar.com.br/produto/cerveja-heineken-lata-sleek-350ml-5213
A14: 98bebdc7a7eb43675d408043caf41f1e | B14: 46198 | C14: 46198.198 | D14: PaoDeAcucar | E14: cerveja | F14: Spaten | G14: Cerveja Spaten Lata 350ml | H14: Cerveja Puro Malte Spaten Lata 350ml - PaoDeAcucar | I14: 3.12 | J14: https://www.paodeacucar.com.br/produto/cerveja-puro-malte-spaten-lata-350ml-9828
A15: 203e2c2c591e3a7e905b7ec88c648644 | B15: 46198 | C15: 46198.198 | D15: PaoDeAcucar | E15: whisky | F15: Johnnie Walker | G15: Whisky Johnnie Walker Red Label 1L | H15: Whisky Escocês Johnnie Walker Red Label 1L - PaoDeAcucar | I15: 111.6 | J15: https://www.paodeacucar.com.br/produto/whisky-escocês-johnnie-walker-red-label-1l-2970
A16: a5bef9e22afe0d6167b783ff3d26a27a | B16: 46198 | C16: 46198.198 | D16: PaoDeAcucar | E16: energetico | F16: Red Bull | G16: Energetico Red Bull Energy Drink Lata 250ml | H16: Energético Red Bull Energy Drink 250ml - PaoDeAcucar | I16: 7.01 | J16: https://www.paodeacucar.com.br/produto/energético-red-bull-energy-drink-250ml-6626
... A6472: 0fc1b69d05dac41eb933469d40a7170a | B6472: 45928 | C6472: 45928.239 | D6472: ZeDelivery | E6472: refrigerante | F6472: Coca-Cola | G6472: Refrigerante Coca-Cola Pet 2L | H6472: Refrigerante Coca-Cola Original Pet 2L - ZeDelivery | I6472: 10.92 | J6472: coleta legado

Sheet Dim_Calendario
A1: Dim_Calendario — Tabela de Datas
A2: Relacione com Fato_Precos[Data_Referencia] (relação 1:N) no modelo do Power BI
A4: Data | B4: Ano | C4: MesNum | D4: Mes | E4: AnoMes | F4: Trimestre | G4: DiaSemanaNum | H4: DiaSemana | I4: FimDeSemana | J4: Semana
A5: 45928 | B5: 2025 | C5: 9 | D5: Setembro | E5: 2025-09 | F5: T3 2025 | G5: 6 | H5: Domingo | I5: Sim | J5: 2025-W39
A6: 45929 | B6: 2025 | C6: 9 | D6: Setembro | E6: 2025-09 | F6: T3 2025 | G6: 0 | H6: Segunda | I6: Não | J6: 2025-W39
A7: 45930 | B7: 2025 | C7: 9 | D7: Setembro | E7: 2025-09 | F7: T3 2025 | G7: 1 | H7: Terça | I7: Não | J7: 2025-W39
A8: 45931 | B8: 2025 | C8: 10 | D8: Outubro | E8: 2025-10 | F8: T4 2025 | G8: 2 | H8: Quarta | I8: Não | J8: 2025-W39
A9: 45932 | B9: 2025 | C9: 10 | D9: Outubro | E9: 2025-10 | F9: T4 2025 | G9: 3 | H9: Quinta | I9: Não | J9: 2025-W39
A10: 45933 | B10: 2025 | C10: 10 | D10: Outubro | E10: 2025-10 | F10: T4 2025 | G10: 4 | H10: Sexta | I10: Não | J10: 2025-W39
A11: 45934 | B11: 2025 | C11: 10 | D11: Outubro | E11: 2025-10 | F11: T4 2025 | G11: 5 | H11: Sábado | I11: Sim | J11: 2025-W39
A12: 45935 | B12: 2025 | C12: 10 | D12: Outubro | E12: 2025-10 | F12: T4 2025 | G12: 6 | H12: Domingo | I12: Sim | J12: 2025-W40
A13: 45936 | B13: 2025 | C13: 10 | D13: Outubro | E13: 2025-10 | F13: T4 2025 | G13: 0 | H13: Segunda | I13: Não | J13: 2025-W40
A14: 45937 | B14: 2025 | C14: 10 | D14: Outubro | E14: 2025-10 | F14: T4 2025 | G14: 1 | H14: Terça | I14: Não | J14: 2025-W40
A15: 45938 | B15: 2025 | C15: 10 | D15: Outubro | E15: 2025-10 | F15: T4 2025 | G15: 2 | H15: Quarta | I15: Não | J15: 2025-W40
A16: 45939 | B16: 2025 | C16: 10 | D16: Outubro | E16: 2025-10 | F16: T4 2025 | G16: 3 | H16: Quinta | I16: Não | J16: 2025-W40
... A275: 46198 | B275: 2026 | C275: 6 | D275: Junho | E275: 2026-06 | F275: T2 2026 | G275: 3 | H275: Quinta | I275: Não | J275: 2026-W25

Sheet Resumo_KPIs
A1: Resumo_KPIs — Indicadores Calculados via Fórmula
A2: Todas as células usam fórmulas (SUMIFS/AVERAGEIFS/COUNTIFS) referenciando Fato_Precos — atualiza automaticamente
A4: KPIs Gerais
A5: Total de registros | B5: =COUNTA(Fato_Precos!$I$5:$I$6472) -> 6468
A6: Preço médio geral | B6: =AVERAGE(Fato_Precos!$I$5:$I$6472) -> 23.604968
A7: Preço mínimo geral | B7: =MIN(Fato_Precos!$I$5:$I$6472) -> 2.84
A8: Preço máximo geral | B8: =MAX(Fato_Precos!$I$5:$I$6472) -> 123.16
A9: Desvio padrão geral | B9: =STDEV(Fato_Precos!$I$5:$I$6472) -> 34.567975
A10: Data inicial | B10: =MIN(Fato_Precos!$B$5:$B$6472) -> 45928
A11: Data final | B11: =MAX(Fato_Precos!$B$5:$B$6472) -> 46198
A14: Preço Médio por Site
A15: Site | B15: Preço Médio | C15: Qtde Registros
A16: Amazon | B16: =AVERAGEIF(Fato_Precos!$D$5:$D$6472,$A16,Fato_Precos!$I$5:$I$6472) -> 23.394727 | C16: =COUNTIF(Fato_Precos!$D$5:$D$6472,$A16) -> 1301
A17: Atacadao | B17: =AVERAGEIF(Fato_Precos!$D$5:$D$6472,$A17,Fato_Precos!$I$5:$I$6472) -> 23.301185 | C17: =COUNTIF(Fato_Precos!$D$5:$D$6472,$A17) -> 1300
A18: PaoDeAcucar | B18: =AVERAGEIF(Fato_Precos!$D$5:$D$6472,$A18,Fato_Precos!$I$5:$I$6472) -> 23.722881 | C18: =COUNTIF(Fato_Precos!$D$5:$D$6472,$A18) -> 1291
A19: TendaAtacado | B19: =AVERAGEIF(Fato_Precos!$D$5:$D$6472,$A19,Fato_Precos!$I$5:$I$6472) -> 23.662213 | C19: =COUNTIF(Fato_Precos!$D$5:$D$6472,$A19) -> 1279
A20: ZeDelivery | B20: =AVERAGEIF(Fato_Precos!$D$5:$D$6472,$A20,Fato_Precos!$I$5:$I$6472) -> 23.946523 | C20: =COUNTIF(Fato_Precos!$D$5:$D$6472,$A20) -> 1297
A23: Preço Médio por Marca
A24: Marca | B24: Preço Médio | C24: Preço Mín | D24: Preço Máx
A25: Coca-Cola | B25: =AVERAGEIF(Fato_Precos!$F$5:$F$6472,$A25,Fato_Precos!$I$5:$I$6472) -> 9.9725154 | C25: {=MIN(IF(Fato_Precos!$F$5:$F$6472=$A25,Fato_Precos!$I$5:$I$6472,99999999))} -> 6.3 | D25: {=MAX(IF(Fato_Precos!$F$5:$F$6472=$A25,Fato_Precos!$I$5:$I$6472,-99999999))} -> 13.69
A26: Heineken | B26: =AVERAGEIF(Fato_Precos!$F$5:$F$6472,$A26,Fato_Precos!$I$5:$I$6472) -> 4.9244678 | C26: {=MIN(IF(Fato_Precos!$F$5:$F$6472=$A26,Fato_Precos!$I$5:$I$6472,99999999))} -> 3.08 | D26: {=MAX(IF(Fato_Precos!$F$5:$F$6472=$A26,Fato_Precos!$I$5:$I$6472,-99999999))} -> 6.7
A27: Johnnie Walker | B27: =AVERAGEIF(Fato_Precos!$F$5:$F$6472,$A27,Fato_Precos!$I$5:$I$6472) -> 90.447207 | C27: {=MIN(IF(Fato_Precos!$F$5:$F$6472=$A27,Fato_Precos!$I$5:$I$6472,99999999))} -> 56.68 | D27: {=MAX(IF(Fato_Precos!$F$5:$F$6472=$A27,Fato_Precos!$I$5:$I$6472,-99999999))} -> 123.16
A28: Red Bull | B28: =AVERAGEIF(Fato_Precos!$F$5:$F$6472,$A28,Fato_Precos!$I$5:$I$6472) -> 8.4842846 | C28: {=MIN(IF(Fato_Precos!$F$5:$F$6472=$A28,Fato_Precos!$I$5:$I$6472,99999999))} -> 5.36 | D28: {=MAX(IF(Fato_Precos!$F$5:$F$6472=$A28,Fato_Precos!$I$5:$I$6472,-99999999))} -> 11.64
A29: Spaten | B29: =AVERAGEIF(Fato_Precos!$F$5:$F$6472,$A29,Fato_Precos!$I$5:$I$6472) -> 4.4743364 | C29: {=MIN(IF(Fato_Precos!$F$5:$F$6472=$A29,Fato_Precos!$I$5:$I$6472,99999999))} -> 2.84 | D29: {=MAX(IF(Fato_Precos!$F$5:$F$6472=$A29,Fato_Precos!$I$5:$I$6472,-99999999))} -> 6.16

Sheet Guia_PowerBI
A1: Guia de Implementação — Dashboard de Monitoramento de Preços (Power BI)
A3: 1. Importação dos Dados
A4: • Power BI Desktop > Página Inicial > Obter Dados > Pasta de Trabalho do Excel
A5: • Selecione este arquivo e marque as tabelas "Fato_Precos" e "Dim_Calendario"
A6: • Clique em Transformar Dados e confirme os tipos: Data_Referencia = Data, Preco = Decimal
A7: • Carregue as tabelas (botão "Carregar")
A9: 2. Modelagem (Relações)
A10: • Vá em Modelagem > Gerenciar Relações
A11: • Crie a relação: Dim_Calendario[Data] (lado 1) → Fato_Precos[Data_Referencia] (lado N)
A12: • Cardinalidade: Um-para-Muitos, direção do filtro: Única (de Dim_Calendario para Fato_Precos)
A13: • Marque Dim_Calendario[Data] como "Tabela de Datas" (botão direito > Marcar como Tabela de Datas)
A15: 3. Medidas DAX — cole cada uma como "Nova Medida" na tabela Fato_Precos
... A77: • Nos cartões de Variação % MoM: regra de cor (verde se negativo = preço caiu, vermelho se positivo)
